source,degree,university_name,centro,title,ccaa,sector_hint,modality_hint,fetch_ts,url
aneca,infantil,Universidad Europea de Madrid,,Grado en Grado en Maestro/a en Educación Primaria,Unknown,unknown,unknown,2026-04-27T10:07:44.352549+00:00,https://srv.aneca.es/ListadoTitulos/busqueda-titulaciones
aneca,infantil,Universidad del Atlántico Medio,,Grado en Grado en Maestro en Educación Infantil,Unknown,unknown,unknown,2026-04-27T10:07:44.352549+00:00,https://srv.aneca.es/ListadoTitulos/busqueda-titulaciones
aneca,infantil,Universidad a Distancia de Madrid,,Grado en Grado en Magisterio en Educación Infantil,Unknown,unknown,unknown,2026-04-27T10:07:44.352549+00:00,https://srv.aneca.es/ListadoTitulos/busqueda-titulaciones
aneca,infantil,Universidad Tecnología y Empresa,,Grado en Grado en Maestro en Educación Infantil,Unknown,unknown,unknown,2026-04-27T10:07:44.352549+00:00,https://srv.aneca.es/ListadoTitulos/busqueda-titulaciones
aneca,infantil,Universidad Católica Santa Teresa de Jesús de Ávila,,Grado en Maestro en Educación Infantil,Unknown,unknown,unknown,2026-04-27T10:07:44.352549+00:00,https://srv.aneca.es/ListadoTitulos/busqueda-titulaciones
aneca,infantil,Universidad de Salamanca,,Grado en Maestro en Educación Primaria,Unknown,unknown,unknown,2026-04-27T10:07:44.352549+00:00,https://srv.aneca.es/ListadoTitulos/busqueda-titulaciones
aneca,infantil,Universidad de Santiago de Compostela,,Grado en Maestro/a de Educación Primaria,Unknown,unknown,unknown,2026-04-27T10:07:44.352549+00:00,https://srv.aneca.es/ListadoTitulos/busqueda-titulaciones
aneca,infantil,Universidad de Alicante,,Grado en Maestro en Educación Primaria,Unknown,unknown,unknown,2026-04-27T10:07:44.352549+00:00,https://srv.aneca.es/ListadoTitulos/busqueda-titulaciones
aneca,infantil,Universidad de Alcalá,,Grado en Grado en Magisterio de Educación Primaria,Unknown,unknown,unknown,2026-04-27T10:07:44.352549+00:00,https://srv.aneca.es/ListadoTitulos/busqueda-titulaciones
aneca,infantil,Universidad Camilo José Cela,,Grado en de Maestro en Educación Primaria,Unknown,unknown,unknown,2026-04-27T10:07:44.352549+00:00,https://srv.aneca.es/ListadoTitulos/busqueda-titulaciones
aneca,infantil,Universidad de Málaga,,Grado en Maestro/a de Educación Primaria,Unknown,unknown,unknown,2026-04-27T10:07:44.352549+00:00,https://srv.aneca.es/ListadoTitulos/busqueda-titulaciones
aneca,infantil,Universidad de La Laguna,,Grado en Maestro en Educación Primaria,Unknown,unknown,unknown,2026-04-27T10:07:44.352549+00:00,https://srv.aneca.es/ListadoTitulos/busqueda-titulaciones
aneca,infantil,Universidad de Huelva,,Grado en Maestro/a de Educación Primaria,Unknown,unknown,unknown,2026-04-27T10:07:44.352549+00:00,https://srv.aneca.es/ListadoTitulos/busqueda-titulaciones
aneca,infantil,Universidad de Granada,,Grado en Maestro de Educación Primaria,Unknown,unknown,unknown,2026-04-27T10:07:44.352549+00:00,https://srv.aneca.es/ListadoTitulos/busqueda-titulaciones
aneca,infantil,Universidad de Cádiz,,Grado en Magisterio de Educación Infantil,Unknown,unknown,unknown,2026-04-27T10:07:44.352549+00:00,https://srv.aneca.es/ListadoTitulos/busqueda-titulaciones
aneca,infantil,Universidad de Almería,,Grado en de Maestro o Maestra en Educación Primaria,Unknown,unknown,unknown,2026-04-27T10:07:44.352549+00:00,https://srv.aneca.es/ListadoTitulos/busqueda-titulaciones
aneca,infantil,Universidad de Oviedo,,Grado en Maestro en Educación Primaria,Unknown,unknown,unknown,2026-04-27T10:07:44.352549+00:00,https://srv.aneca.es/ListadoTitulos/busqueda-titulaciones
aneca,infantil,Universidad Jaume I de Castellón,,Grado en Maestro en Educación Primaria,Unknown,unknown,unknown,2026-04-27T10:07:44.352549+00:00,https://srv.aneca.es/ListadoTitulos/busqueda-titulaciones
aneca,infantil,Universidad de Cantabria,,Grado en Magisterio en Educación Primaria,Unknown,unknown,unknown,2026-04-27T10:07:44.352549+00:00,https://srv.aneca.es/ListadoTitulos/busqueda-titulaciones
aneca,infantil,Universidad Alfonso X El Sabio,,Grado en Maestro en Educación Primaria,Unknown,unknown,unknown,2026-04-27T10:07:44.352549+00:00,https://srv.aneca.es/ListadoTitulos/busqueda-titulaciones
aneca,infantil,Universidad Autónoma de Madrid,,Grado en Magisterio Educación Primaria,Unknown,unknown,unknown,2026-04-27T10:07:44.352549+00:00,https://srv.aneca.es/ListadoTitulos/busqueda-titulaciones
aneca,infantil,Universidad Internacional de La Rioja,,Grado en Maestro en Educación Primaria,Unknown,unknown,unknown,2026-04-27T10:07:44.352549+00:00,https://srv.aneca.es/ListadoTitulos/busqueda-titulaciones
aneca,infantil,Universidad Católica de Valencia San Vicente Mártir,,Grado en Maestro en Educación Primaria,Unknown,unknown,unknown,2026-04-27T10:07:44.352549+00:00,https://srv.aneca.es/ListadoTitulos/busqueda-titulaciones
aneca,infantil,Universidad Pontificia de Salamanca,,Grado en Maestro en Educación Primaria,Unknown,unknown,unknown,2026-04-27T10:07:44.352549+00:00,https://srv.aneca.es/ListadoTitulos/busqueda-titulaciones
aneca,infantil,Universidad de Girona,,Grado en Maestro en Educación Infantil,Unknown,unknown,unknown,2026-04-27T10:07:44.352549+00:00,https://srv.aneca.es/ListadoTitulos/busqueda-titulaciones
aneca,infantil,Universidad de Extremadura,,Grado en Maestro en Educación Infantil,Unknown,unknown,unknown,2026-04-27T10:07:44.352549+00:00,https://srv.aneca.es/ListadoTitulos/busqueda-titulaciones
aneca,infantil,Universidad Complutense de Madrid,,Grado en Maestro en Educación Primaria,Unknown,unknown,unknown,2026-04-27T10:07:44.352549+00:00,https://srv.aneca.es/ListadoTitulos/busqueda-titulaciones
aneca,infantil,Universitat de València (Estudi General),,Grado en Maestro en Educación Primaria,Unknown,unknown,unknown,2026-04-27T10:07:44.352549+00:00,https://srv.aneca.es/ListadoTitulos/busqueda-titulaciones
aneca,infantil,Universidad de Navarra,,Grado en Magisterio de Educación Primaria,Unknown,unknown,unknown,2026-04-27T10:07:44.352549+00:00,https://srv.aneca.es/ListadoTitulos/busqueda-titulaciones
aneca,infantil,Universidad de Vic-Universidad Central de Catalunya,,Grado en Maestro de Educación Primaria,Unknown,unknown,unknown,2026-04-27T10:07:44.352549+00:00,https://srv.aneca.es/ListadoTitulos/busqueda-titulaciones
aneca,infantil,Universidad de Burgos,,Grado en Maestro en Educación Primaria,Unknown,unknown,unknown,2026-04-27T10:07:44.352549+00:00,https://srv.aneca.es/ListadoTitulos/busqueda-titulaciones
aneca,infantil,Universidad de Castilla-La Mancha,,Grado en Maestro en Educación Primaria,Unknown,unknown,unknown,2026-04-27T10:07:44.352549+00:00,https://srv.aneca.es/ListadoTitulos/busqueda-titulaciones
aneca,infantil,Universidad de Zaragoza,,Grado en Maestro en Educación Primaria,Unknown,unknown,unknown,2026-04-27T10:07:44.352549+00:00,https://srv.aneca.es/ListadoTitulos/busqueda-titulaciones
aneca,infantil,Universidad de Valladolid,,Grado en Maestro en Educación Primaria,Unknown,unknown,unknown,2026-04-27T10:07:44.352549+00:00,https://srv.aneca.es/ListadoTitulos/busqueda-titulaciones
aneca,infantil,Universidad Pública de Navarra,,Grado en Maestro en Educación Primaria,Unknown,unknown,unknown,2026-04-27T10:07:44.352549+00:00,https://srv.aneca.es/ListadoTitulos/busqueda-titulaciones
aneca,infantil,Universidad de Murcia,,Grado en Maestro de Educación Primaria,Unknown,unknown,unknown,2026-04-27T10:07:44.352549+00:00,https://srv.aneca.es/ListadoTitulos/busqueda-titulaciones
aneca,infantil,Universidad de Barcelona,,Grado en Maestro en Educación Primaria,Unknown,unknown,unknown,2026-04-27T10:07:44.352549+00:00,https://srv.aneca.es/ListadoTitulos/busqueda-titulaciones
aneca,primaria,Universidad Europea de Madrid,,Grado en Grado en Maestro/a en Educación Primaria,Unknown,unknown,unknown,2026-04-27T10:07:49.355322+00:00,https://srv.aneca.es/ListadoTitulos/busqueda-titulaciones
aneca,primaria,Universidad del Atlántico Medio,,Grado en Grado en Maestro en Educación Infantil,Unknown,unknown,unknown,2026-04-27T10:07:49.355322+00:00,https://srv.aneca.es/ListadoTitulos/busqueda-titulaciones
aneca,primaria,Universidad a Distancia de Madrid,,Grado en Grado en Magisterio en Educación Infantil,Unknown,unknown,unknown,2026-04-27T10:07:49.355322+00:00,https://srv.aneca.es/ListadoTitulos/busqueda-titulaciones
aneca,primaria,Universidad Tecnología y Empresa,,Grado en Grado en Maestro en Educación Infantil,Unknown,unknown,unknown,2026-04-27T10:07:49.355322+00:00,https://srv.aneca.es/ListadoTitulos/busqueda-titulaciones
aneca,primaria,Universidad Católica Santa Teresa de Jesús de Ávila,,Grado en Maestro en Educación Infantil,Unknown,unknown,unknown,2026-04-27T10:07:49.355322+00:00,https://srv.aneca.es/ListadoTitulos/busqueda-titulaciones
aneca,primaria,Universidad de Salamanca,,Grado en Maestro en Educación Primaria,Unknown,unknown,unknown,2026-04-27T10:07:49.355322+00:00,https://srv.aneca.es/ListadoTitulos/busqueda-titulaciones
aneca,primaria,Universidad de Santiago de Compostela,,Grado en Maestro/a de Educación Primaria,Unknown,unknown,unknown,2026-04-27T10:07:49.355322+00:00,https://srv.aneca.es/ListadoTitulos/busqueda-titulaciones
aneca,primaria,Universidad de Alicante,,Grado en Maestro en Educación Primaria,Unknown,unknown,unknown,2026-04-27T10:07:49.355322+00:00,https://srv.aneca.es/ListadoTitulos/busqueda-titulaciones
aneca,primaria,Universidad de Alcalá,,Grado en Grado en Magisterio de Educación Primaria,Unknown,unknown,unknown,2026-04-27T10:07:49.355322+00:00,https://srv.aneca.es/ListadoTitulos/busqueda-titulaciones
aneca,primaria,Universidad Camilo José Cela,,Grado en de Maestro en Educación Primaria,Unknown,unknown,unknown,2026-04-27T10:07:49.355322+00:00,https://srv.aneca.es/ListadoTitulos/busqueda-titulaciones
aneca,primaria,Universidad de Málaga,,Grado en Maestro/a de Educación Primaria,Unknown,unknown,unknown,2026-04-27T10:07:49.355322+00:00,https://srv.aneca.es/ListadoTitulos/busqueda-titulaciones
aneca,primaria,Universidad de La Laguna,,Grado en Maestro en Educación Primaria,Unknown,unknown,unknown,2026-04-27T10:07:49.355322+00:00,https://srv.aneca.es/ListadoTitulos/busqueda-titulaciones
aneca,primaria,Universidad de Huelva,,Grado en Maestro/a de Educación Primaria,Unknown,unknown,unknown,2026-04-27T10:07:49.355322+00:00,https://srv.aneca.es/ListadoTitulos/busqueda-titulaciones
aneca,primaria,Universidad de Granada,,Grado en Maestro de Educación Primaria,Unknown,unknown,unknown,2026-04-27T10:07:49.355322+00:00,https://srv.aneca.es/ListadoTitulos/busqueda-titulaciones
aneca,primaria,Universidad de Cádiz,,Grado en Magisterio de Educación Infantil,Unknown,unknown,unknown,2026-04-27T10:07:49.355322+00:00,https://srv.aneca.es/ListadoTitulos/busqueda-titulaciones
aneca,primaria,Universidad de Almería,,Grado en de Maestro o Maestra en Educación Primaria,Unknown,unknown,unknown,2026-04-27T10:07:49.355322+00:00,https://srv.aneca.es/ListadoTitulos/busqueda-titulaciones
aneca,primaria,Universidad de Oviedo,,Grado en Maestro en Educación Primaria,Unknown,unknown,unknown,2026-04-27T10:07:49.355322+00:00,https://srv.aneca.es/ListadoTitulos/busqueda-titulaciones
aneca,primaria,Universidad Jaume I de Castellón,,Grado en Maestro en Educación Primaria,Unknown,unknown,unknown,2026-04-27T10:07:49.355322+00:00,https://srv.aneca.es/ListadoTitulos/busqueda-titulaciones
aneca,primaria,Universidad de Cantabria,,Grado en Magisterio en Educación Primaria,Unknown,unknown,unknown,2026-04-27T10:07:49.355322+00:00,https://srv.aneca.es/ListadoTitulos/busqueda-titulaciones
aneca,primaria,Universidad Alfonso X El Sabio,,Grado en Maestro en Educación Primaria,Unknown,unknown,unknown,2026-04-27T10:07:49.355322+00:00,https://srv.aneca.es/ListadoTitulos/busqueda-titulaciones
aneca,primaria,Universidad Autónoma de Madrid,,Grado en Magisterio Educación Primaria,Unknown,unknown,unknown,2026-04-27T10:07:49.355322+00:00,https://srv.aneca.es/ListadoTitulos/busqueda-titulaciones
aneca,primaria,Universidad Internacional de La Rioja,,Grado en Maestro en Educación Primaria,Unknown,unknown,unknown,2026-04-27T10:07:49.355322+00:00,https://srv.aneca.es/ListadoTitulos/busqueda-titulaciones
aneca,primaria,Universidad Católica de Valencia San Vicente Mártir,,Grado en Maestro en Educación Primaria,Unknown,unknown,unknown,2026-04-27T10:07:49.355322+00:00,https://srv.aneca.es/ListadoTitulos/busqueda-titulaciones
aneca,primaria,Universidad Pontificia de Salamanca,,Grado en Maestro en Educación Primaria,Unknown,unknown,unknown,2026-04-27T10:07:49.355322+00:00,https://srv.aneca.es/ListadoTitulos/busqueda-titulaciones
aneca,primaria,Universidad de Girona,,Grado en Maestro en Educación Infantil,Unknown,unknown,unknown,2026-04-27T10:07:49.355322+00:00,https://srv.aneca.es/ListadoTitulos/busqueda-titulaciones
aneca,primaria,Universidad de Extremadura,,Grado en Maestro en Educación Infantil,Unknown,unknown,unknown,2026-04-27T10:07:49.355322+00:00,https://srv.aneca.es/ListadoTitulos/busqueda-titulaciones
aneca,primaria,Universidad Complutense de Madrid,,Grado en Maestro en Educación Primaria,Unknown,unknown,unknown,2026-04-27T10:07:49.355322+00:00,https://srv.aneca.es/ListadoTitulos/busqueda-titulaciones
aneca,primaria,Universitat de València (Estudi General),,Grado en Maestro en Educación Primaria,Unknown,unknown,unknown,2026-04-27T10:07:49.355322+00:00,https://srv.aneca.es/ListadoTitulos/busqueda-titulaciones
aneca,primaria,Universidad de Navarra,,Grado en Magisterio de Educación Primaria,Unknown,unknown,unknown,2026-04-27T10:07:49.355322+00:00,https://srv.aneca.es/ListadoTitulos/busqueda-titulaciones
aneca,primaria,Universidad de Vic-Universidad Central de Catalunya,,Grado en Maestro de Educación Primaria,Unknown,unknown,unknown,2026-04-27T10:07:49.355322+00:00,https://srv.aneca.es/ListadoTitulos/busqueda-titulaciones
aneca,primaria,Universidad de Burgos,,Grado en Maestro en Educación Primaria,Unknown,unknown,unknown,2026-04-27T10:07:49.355322+00:00,https://srv.aneca.es/ListadoTitulos/busqueda-titulaciones
aneca,primaria,Universidad de Castilla-La Mancha,,Grado en Maestro en Educación Primaria,Unknown,unknown,unknown,2026-04-27T10:07:49.355322+00:00,https://srv.aneca.es/ListadoTitulos/busqueda-titulaciones
aneca,primaria,Universidad de Zaragoza,,Grado en Maestro en Educación Primaria,Unknown,unknown,unknown,2026-04-27T10:07:49.355322+00:00,https://srv.aneca.es/ListadoTitulos/busqueda-titulaciones
aneca,primaria,Universidad de Valladolid,,Grado en Maestro en Educación Primaria,Unknown,unknown,unknown,2026-04-27T10:07:49.355322+00:00,https://srv.aneca.es/ListadoTitulos/busqueda-titulaciones
aneca,primaria,Universidad Pública de Navarra,,Grado en Maestro en Educación Primaria,Unknown,unknown,unknown,2026-04-27T10:07:49.355322+00:00,https://srv.aneca.es/ListadoTitulos/busqueda-titulaciones
aneca,primaria,Universidad de Murcia,,Grado en Maestro de Educación Primaria,Unknown,unknown,unknown,2026-04-27T10:07:49.355322+00:00,https://srv.aneca.es/ListadoTitulos/busqueda-titulaciones
aneca,primaria,Universidad de Barcelona,,Grado en Maestro en Educación Primaria,Unknown,unknown,unknown,2026-04-27T10:07:49.355322+00:00,https://srv.aneca.es/ListadoTitulos/busqueda-titulaciones
