source,degree,university_name,ccaa,sector_hint,modality_hint,fetch_ts,url
educaweb,infantil,Universidad).,Unknown,unknown,presencial,2026-04-27T10:07:34.872226+00:00,https://www.educaweb.com/estudio/titulacion-grado-educacion-infantil/
educaweb,infantil,Universidad para mayores de 25 años .,Unknown,unknown,presencial,2026-04-27T10:07:34.872226+00:00,https://www.educaweb.com/estudio/titulacion-grado-educacion-infantil/
educaweb,infantil,Universidad para mayores de 25 años,Unknown,unknown,presencial,2026-04-27T10:07:34.872226+00:00,https://www.educaweb.com/estudio/titulacion-grado-educacion-infantil/
educaweb,infantil,Universidad para mayores de 40 años .,Unknown,unknown,presencial,2026-04-27T10:07:34.872226+00:00,https://www.educaweb.com/estudio/titulacion-grado-educacion-infantil/
educaweb,infantil,Universidad para mayores de 40 años,Unknown,unknown,presencial,2026-04-27T10:07:34.872226+00:00,https://www.educaweb.com/estudio/titulacion-grado-educacion-infantil/
educaweb,infantil,Universidad para mayores de 45 años .,Unknown,unknown,presencial,2026-04-27T10:07:34.872226+00:00,https://www.educaweb.com/estudio/titulacion-grado-educacion-infantil/
educaweb,infantil,Universidad para mayores de 45 años,Unknown,unknown,presencial,2026-04-27T10:07:34.872226+00:00,https://www.educaweb.com/estudio/titulacion-grado-educacion-infantil/
educaweb,infantil,Universidad Autónoma de Madrid,Unknown,unknown,presencial,2026-04-27T10:07:34.872226+00:00,https://www.educaweb.com/estudio/titulacion-grado-educacion-infantil/
educaweb,infantil,Universidad Cardenal Herrera,Unknown,unknown,presencial,2026-04-27T10:07:34.872226+00:00,https://www.educaweb.com/estudio/titulacion-grado-educacion-infantil/
educaweb,infantil,Universidad Católica de Ávila,Unknown,unknown,presencial,2026-04-27T10:07:34.872226+00:00,https://www.educaweb.com/estudio/titulacion-grado-educacion-infantil/
educaweb,infantil,Universidad Católica San Antonio de Murcia,Unknown,unknown,presencial,2026-04-27T10:07:34.872226+00:00,https://www.educaweb.com/estudio/titulacion-grado-educacion-infantil/
educaweb,infantil,Universidad CEU Fernando III,Unknown,unknown,presencial,2026-04-27T10:07:34.872226+00:00,https://www.educaweb.com/estudio/titulacion-grado-educacion-infantil/
educaweb,infantil,Universidad CEU San Pablo,Unknown,unknown,presencial,2026-04-27T10:07:34.872226+00:00,https://www.educaweb.com/estudio/titulacion-grado-educacion-infantil/
educaweb,infantil,Universidad Complutense de Madrid,Unknown,unknown,presencial,2026-04-27T10:07:34.872226+00:00,https://www.educaweb.com/estudio/titulacion-grado-educacion-infantil/
educaweb,infantil,Universidad de Alcalá de Henares,Unknown,unknown,presencial,2026-04-27T10:07:34.872226+00:00,https://www.educaweb.com/estudio/titulacion-grado-educacion-infantil/
educaweb,infantil,Universidad de Almería,Unknown,unknown,presencial,2026-04-27T10:07:34.872226+00:00,https://www.educaweb.com/estudio/titulacion-grado-educacion-infantil/
educaweb,infantil,Universidad de Cádiz,Unknown,unknown,presencial,2026-04-27T10:07:34.872226+00:00,https://www.educaweb.com/estudio/titulacion-grado-educacion-infantil/
educaweb,infantil,Universidad de Córdoba,Unknown,unknown,presencial,2026-04-27T10:07:34.872226+00:00,https://www.educaweb.com/estudio/titulacion-grado-educacion-infantil/
educaweb,infantil,Universidad de Extremadura,Unknown,unknown,presencial,2026-04-27T10:07:34.872226+00:00,https://www.educaweb.com/estudio/titulacion-grado-educacion-infantil/
educaweb,infantil,Universidad de Granada,Unknown,unknown,presencial,2026-04-27T10:07:34.872226+00:00,https://www.educaweb.com/estudio/titulacion-grado-educacion-infantil/
educaweb,infantil,Universidad de Huelva,Unknown,unknown,presencial,2026-04-27T10:07:34.872226+00:00,https://www.educaweb.com/estudio/titulacion-grado-educacion-infantil/
educaweb,infantil,Universidad de Jaén,Unknown,unknown,presencial,2026-04-27T10:07:34.872226+00:00,https://www.educaweb.com/estudio/titulacion-grado-educacion-infantil/
educaweb,infantil,Universidad de La Rioja,Unknown,unknown,presencial,2026-04-27T10:07:34.872226+00:00,https://www.educaweb.com/estudio/titulacion-grado-educacion-infantil/
educaweb,infantil,Universidad de León,Unknown,unknown,presencial,2026-04-27T10:07:34.872226+00:00,https://www.educaweb.com/estudio/titulacion-grado-educacion-infantil/
educaweb,infantil,Universidad de Málaga,Unknown,unknown,presencial,2026-04-27T10:07:34.872226+00:00,https://www.educaweb.com/estudio/titulacion-grado-educacion-infantil/
educaweb,infantil,Universidad de Murcia,Unknown,unknown,presencial,2026-04-27T10:07:34.872226+00:00,https://www.educaweb.com/estudio/titulacion-grado-educacion-infantil/
educaweb,infantil,Universidad de Salamanca,Unknown,unknown,presencial,2026-04-27T10:07:34.872226+00:00,https://www.educaweb.com/estudio/titulacion-grado-educacion-infantil/
educaweb,infantil,Universidad de Sevilla,Unknown,unknown,presencial,2026-04-27T10:07:34.872226+00:00,https://www.educaweb.com/estudio/titulacion-grado-educacion-infantil/
educaweb,infantil,Universidad de Valladolid,Unknown,unknown,presencial,2026-04-27T10:07:34.872226+00:00,https://www.educaweb.com/estudio/titulacion-grado-educacion-infantil/
educaweb,infantil,Universidad de Zaragoza,Unknown,unknown,presencial,2026-04-27T10:07:34.872226+00:00,https://www.educaweb.com/estudio/titulacion-grado-educacion-infantil/
educaweb,infantil,Universidad Francisco de Vitoria,Unknown,unknown,presencial,2026-04-27T10:07:34.872226+00:00,https://www.educaweb.com/estudio/titulacion-grado-educacion-infantil/
educaweb,infantil,Universidad Las Palmas Gran Canaria,Unknown,unknown,presencial,2026-04-27T10:07:34.872226+00:00,https://www.educaweb.com/estudio/titulacion-grado-educacion-infantil/
educaweb,infantil,Universidad Loyola,Unknown,unknown,presencial,2026-04-27T10:07:34.872226+00:00,https://www.educaweb.com/estudio/titulacion-grado-educacion-infantil/
educaweb,infantil,Universidad Pontificia Comillas,Unknown,unknown,presencial,2026-04-27T10:07:34.872226+00:00,https://www.educaweb.com/estudio/titulacion-grado-educacion-infantil/
educaweb,infantil,Universidad Rey Juan Carlos,Unknown,public,presencial,2026-04-27T10:07:34.872226+00:00,https://www.educaweb.com/estudio/titulacion-grado-educacion-infantil/
educaweb,infantil,Universidad Villanueva,Unknown,unknown,presencial,2026-04-27T10:07:34.872226+00:00,https://www.educaweb.com/estudio/titulacion-grado-educacion-infantil/
educaweb,infantil,Universidade da Coruña,Unknown,unknown,presencial,2026-04-27T10:07:34.872226+00:00,https://www.educaweb.com/estudio/titulacion-grado-educacion-infantil/
educaweb,infantil,Universidade de Vigo,Unknown,unknown,presencial,2026-04-27T10:07:34.872226+00:00,https://www.educaweb.com/estudio/titulacion-grado-educacion-infantil/
educaweb,infantil,Universitat Autònoma de Barcelona,Unknown,unknown,presencial,2026-04-27T10:07:34.872226+00:00,https://www.educaweb.com/estudio/titulacion-grado-educacion-infantil/
educaweb,infantil,Universitat CEU Abat Oliba,Unknown,unknown,presencial,2026-04-27T10:07:34.872226+00:00,https://www.educaweb.com/estudio/titulacion-grado-educacion-infantil/
educaweb,infantil,Universitat de Barcelona,Unknown,unknown,presencial,2026-04-27T10:07:34.872226+00:00,https://www.educaweb.com/estudio/titulacion-grado-educacion-infantil/
educaweb,infantil,Universitat de Girona,Unknown,unknown,presencial,2026-04-27T10:07:34.872226+00:00,https://www.educaweb.com/estudio/titulacion-grado-educacion-infantil/
educaweb,infantil,Universitat de les Illes Balears,Unknown,unknown,presencial,2026-04-27T10:07:34.872226+00:00,https://www.educaweb.com/estudio/titulacion-grado-educacion-infantil/
educaweb,infantil,Universitat de Lleida,Unknown,unknown,presencial,2026-04-27T10:07:34.872226+00:00,https://www.educaweb.com/estudio/titulacion-grado-educacion-infantil/
educaweb,infantil,Universitat de Vic,Unknown,unknown,presencial,2026-04-27T10:07:34.872226+00:00,https://www.educaweb.com/estudio/titulacion-grado-educacion-infantil/
educaweb,infantil,Universitat Internacional de Catalunya,Unknown,unknown,presencial,2026-04-27T10:07:34.872226+00:00,https://www.educaweb.com/estudio/titulacion-grado-educacion-infantil/
educaweb,infantil,Universitat Ramon Llull,Unknown,unknown,presencial,2026-04-27T10:07:34.872226+00:00,https://www.educaweb.com/estudio/titulacion-grado-educacion-infantil/
educaweb,infantil,Universitat Rovira i Virgili,Unknown,unknown,presencial,2026-04-27T10:07:34.872226+00:00,https://www.educaweb.com/estudio/titulacion-grado-educacion-infantil/
educaweb,infantil,Universidad San Jorge,Unknown,unknown,presencial,2026-04-27T10:07:34.872226+00:00,https://www.educaweb.com/estudio/titulacion-grado-educacion-infantil/
educaweb,infantil,Universidad del País Vasco/Euskal Herriko Unibertsitatea,Unknown,unknown,presencial,2026-04-27T10:07:34.872226+00:00,https://www.educaweb.com/estudio/titulacion-grado-educacion-infantil/
educaweb,infantil,Universidad Isabel I,Unknown,unknown,presencial,2026-04-27T10:07:34.872226+00:00,https://www.educaweb.com/estudio/titulacion-grado-educacion-infantil/
educaweb,infantil,Universidad Nacional de Educación a Distancia,Unknown,unknown,online,2026-04-27T10:07:34.872226+00:00,https://www.educaweb.com/estudio/titulacion-grado-educacion-infantil/
educaweb,infantil,Universitat Internacional Valenciana,Unknown,unknown,presencial,2026-04-27T10:07:34.872226+00:00,https://www.educaweb.com/estudio/titulacion-grado-educacion-infantil/
educaweb,infantil,Universidad de Navarra,Unknown,unknown,presencial,2026-04-27T10:07:34.872226+00:00,https://www.educaweb.com/estudio/titulacion-grado-educacion-infantil/
educaweb,infantil,Universidad Pública de Navarra,Unknown,public,presencial,2026-04-27T10:07:34.872226+00:00,https://www.educaweb.com/estudio/titulacion-grado-educacion-infantil/
educaweb,infantil,Universidad de Deusto,Unknown,unknown,presencial,2026-04-27T10:07:34.872226+00:00,https://www.educaweb.com/estudio/titulacion-grado-educacion-infantil/
educaweb,infantil,Universidad Camilo José Cela,Unknown,unknown,presencial,2026-04-27T10:07:34.872226+00:00,https://www.educaweb.com/estudio/titulacion-grado-educacion-infantil/
educaweb,infantil,Universidad Católica de Valencia San Vicente Mártir,Unknown,unknown,presencial,2026-04-27T10:07:34.872226+00:00,https://www.educaweb.com/estudio/titulacion-grado-educacion-infantil/
educaweb,infantil,Universidad de Alicante,Unknown,unknown,presencial,2026-04-27T10:07:34.872226+00:00,https://www.educaweb.com/estudio/titulacion-grado-educacion-infantil/
educaweb,infantil,Universidad de Burgos,Unknown,unknown,presencial,2026-04-27T10:07:34.872226+00:00,https://www.educaweb.com/estudio/titulacion-grado-educacion-infantil/
educaweb,infantil,Universidad de Castilla,Unknown,unknown,presencial,2026-04-27T10:07:34.872226+00:00,https://www.educaweb.com/estudio/titulacion-grado-educacion-infantil/
educaweb,infantil,Universidad de La Laguna,Unknown,unknown,presencial,2026-04-27T10:07:34.872226+00:00,https://www.educaweb.com/estudio/titulacion-grado-educacion-infantil/
educaweb,infantil,Universidad de Oviedo,Unknown,unknown,presencial,2026-04-27T10:07:34.872226+00:00,https://www.educaweb.com/estudio/titulacion-grado-educacion-infantil/
educaweb,infantil,Universidad de Valencia,Unknown,unknown,presencial,2026-04-27T10:07:34.872226+00:00,https://www.educaweb.com/estudio/titulacion-grado-educacion-infantil/
educaweb,infantil,Universidad del Atlántico Medio UNAM,Unknown,unknown,presencial,2026-04-27T10:07:34.872226+00:00,https://www.educaweb.com/estudio/titulacion-grado-educacion-infantil/
educaweb,infantil,Universidad Pontificia de Salamanca,Unknown,unknown,presencial,2026-04-27T10:07:34.872226+00:00,https://www.educaweb.com/estudio/titulacion-grado-educacion-infantil/
educaweb,infantil,Universidade de Santiago de Compostela,Unknown,unknown,presencial,2026-04-27T10:07:34.872226+00:00,https://www.educaweb.com/estudio/titulacion-grado-educacion-infantil/
educaweb,infantil,Universitat Jaume I de Castellón,Unknown,unknown,presencial,2026-04-27T10:07:34.872226+00:00,https://www.educaweb.com/estudio/titulacion-grado-educacion-infantil/
educaweb,infantil,Universidad en Internet,Unknown,unknown,presencial,2026-04-27T10:07:34.872226+00:00,https://www.educaweb.com/estudio/titulacion-grado-educacion-infantil/
educaweb,infantil,Universidad Alfonso X El Sabio,Unknown,unknown,presencial,2026-04-27T10:07:34.872226+00:00,https://www.educaweb.com/estudio/titulacion-grado-educacion-infantil/
educaweb,infantil,Universidad de Cantabria,Unknown,unknown,presencial,2026-04-27T10:07:34.872226+00:00,https://www.educaweb.com/estudio/titulacion-grado-educacion-infantil/
educaweb,infantil,Universidad a Distancia de Madrid Másteres,Unknown,unknown,online,2026-04-27T10:07:34.872226+00:00,https://www.educaweb.com/estudio/titulacion-grado-educacion-infantil/
educaweb,infantil,Universidades,Unknown,unknown,presencial,2026-04-27T10:07:34.872226+00:00,https://www.educaweb.com/estudio/titulacion-grado-educacion-infantil/
educaweb,primaria,Universidad).,Unknown,unknown,presencial,2026-04-27T10:07:35.957495+00:00,https://www.educaweb.com/estudio/titulacion-grado-educacion-primaria/
educaweb,primaria,Universidad para mayores de 25 años .,Unknown,unknown,presencial,2026-04-27T10:07:35.957495+00:00,https://www.educaweb.com/estudio/titulacion-grado-educacion-primaria/
educaweb,primaria,Universidad para mayores de 25 años,Unknown,unknown,presencial,2026-04-27T10:07:35.957495+00:00,https://www.educaweb.com/estudio/titulacion-grado-educacion-primaria/
educaweb,primaria,Universidad para mayores de 40 años .,Unknown,unknown,presencial,2026-04-27T10:07:35.957495+00:00,https://www.educaweb.com/estudio/titulacion-grado-educacion-primaria/
educaweb,primaria,Universidad para mayores de 40 años,Unknown,unknown,presencial,2026-04-27T10:07:35.957495+00:00,https://www.educaweb.com/estudio/titulacion-grado-educacion-primaria/
educaweb,primaria,Universidad para mayores de 45 años .,Unknown,unknown,presencial,2026-04-27T10:07:35.957495+00:00,https://www.educaweb.com/estudio/titulacion-grado-educacion-primaria/
educaweb,primaria,Universidad para mayores de 45 años,Unknown,unknown,presencial,2026-04-27T10:07:35.957495+00:00,https://www.educaweb.com/estudio/titulacion-grado-educacion-primaria/
educaweb,primaria,Universidad Autónoma de Madrid,Unknown,unknown,presencial,2026-04-27T10:07:35.957495+00:00,https://www.educaweb.com/estudio/titulacion-grado-educacion-primaria/
educaweb,primaria,Universidad Cardenal Herrera,Unknown,unknown,presencial,2026-04-27T10:07:35.957495+00:00,https://www.educaweb.com/estudio/titulacion-grado-educacion-primaria/
educaweb,primaria,Universidad Católica San Antonio de Murcia,Unknown,unknown,presencial,2026-04-27T10:07:35.957495+00:00,https://www.educaweb.com/estudio/titulacion-grado-educacion-primaria/
educaweb,primaria,Universidad CEU Fernando III,Unknown,unknown,presencial,2026-04-27T10:07:35.957495+00:00,https://www.educaweb.com/estudio/titulacion-grado-educacion-primaria/
educaweb,primaria,Universidad Complutense de Madrid,Unknown,unknown,presencial,2026-04-27T10:07:35.957495+00:00,https://www.educaweb.com/estudio/titulacion-grado-educacion-primaria/
educaweb,primaria,Universidad de Alcalá de Henares,Unknown,unknown,presencial,2026-04-27T10:07:35.957495+00:00,https://www.educaweb.com/estudio/titulacion-grado-educacion-primaria/
educaweb,primaria,Universidad de Almería,Unknown,unknown,presencial,2026-04-27T10:07:35.957495+00:00,https://www.educaweb.com/estudio/titulacion-grado-educacion-primaria/
educaweb,primaria,Universidad de Cádiz,Unknown,unknown,presencial,2026-04-27T10:07:35.957495+00:00,https://www.educaweb.com/estudio/titulacion-grado-educacion-primaria/
educaweb,primaria,Universidad de Córdoba,Unknown,unknown,presencial,2026-04-27T10:07:35.957495+00:00,https://www.educaweb.com/estudio/titulacion-grado-educacion-primaria/
educaweb,primaria,Universidad de Deusto,Unknown,unknown,presencial,2026-04-27T10:07:35.957495+00:00,https://www.educaweb.com/estudio/titulacion-grado-educacion-primaria/
educaweb,primaria,Universidad de Extremadura,Unknown,unknown,presencial,2026-04-27T10:07:35.957495+00:00,https://www.educaweb.com/estudio/titulacion-grado-educacion-primaria/
educaweb,primaria,Universidad de Granada,Unknown,unknown,presencial,2026-04-27T10:07:35.957495+00:00,https://www.educaweb.com/estudio/titulacion-grado-educacion-primaria/
educaweb,primaria,Universidad de Huelva,Unknown,unknown,presencial,2026-04-27T10:07:35.957495+00:00,https://www.educaweb.com/estudio/titulacion-grado-educacion-primaria/
educaweb,primaria,Universidad de Jaén,Unknown,unknown,presencial,2026-04-27T10:07:35.957495+00:00,https://www.educaweb.com/estudio/titulacion-grado-educacion-primaria/
educaweb,primaria,Universidad de La Rioja,Unknown,unknown,presencial,2026-04-27T10:07:35.957495+00:00,https://www.educaweb.com/estudio/titulacion-grado-educacion-primaria/
educaweb,primaria,Universidad de León,Unknown,unknown,presencial,2026-04-27T10:07:35.957495+00:00,https://www.educaweb.com/estudio/titulacion-grado-educacion-primaria/
educaweb,primaria,Universidad de Málaga,Unknown,unknown,presencial,2026-04-27T10:07:35.957495+00:00,https://www.educaweb.com/estudio/titulacion-grado-educacion-primaria/
educaweb,primaria,Universidad de Murcia,Unknown,unknown,presencial,2026-04-27T10:07:35.957495+00:00,https://www.educaweb.com/estudio/titulacion-grado-educacion-primaria/
educaweb,primaria,Universidad de Salamanca,Unknown,unknown,presencial,2026-04-27T10:07:35.957495+00:00,https://www.educaweb.com/estudio/titulacion-grado-educacion-primaria/
educaweb,primaria,Universidad de Sevilla,Unknown,unknown,presencial,2026-04-27T10:07:35.957495+00:00,https://www.educaweb.com/estudio/titulacion-grado-educacion-primaria/
educaweb,primaria,Universidad de Valencia,Unknown,unknown,presencial,2026-04-27T10:07:35.957495+00:00,https://www.educaweb.com/estudio/titulacion-grado-educacion-primaria/
educaweb,primaria,Universidad de Valladolid,Unknown,unknown,presencial,2026-04-27T10:07:35.957495+00:00,https://www.educaweb.com/estudio/titulacion-grado-educacion-primaria/
educaweb,primaria,Universidad Europea del Atlántico,Unknown,unknown,presencial,2026-04-27T10:07:35.957495+00:00,https://www.educaweb.com/estudio/titulacion-grado-educacion-primaria/
educaweb,primaria,Universidad Europea Miguel de Cervantes,Unknown,unknown,presencial,2026-04-27T10:07:35.957495+00:00,https://www.educaweb.com/estudio/titulacion-grado-educacion-primaria/
educaweb,primaria,Universidad Francisco de Vitoria,Unknown,unknown,presencial,2026-04-27T10:07:35.957495+00:00,https://www.educaweb.com/estudio/titulacion-grado-educacion-primaria/
educaweb,primaria,Universidad Las Palmas Gran Canaria,Unknown,unknown,presencial,2026-04-27T10:07:35.957495+00:00,https://www.educaweb.com/estudio/titulacion-grado-educacion-primaria/
educaweb,primaria,Universidad Loyola,Unknown,unknown,presencial,2026-04-27T10:07:35.957495+00:00,https://www.educaweb.com/estudio/titulacion-grado-educacion-primaria/
educaweb,primaria,Universidad Pontificia Comillas,Unknown,unknown,presencial,2026-04-27T10:07:35.957495+00:00,https://www.educaweb.com/estudio/titulacion-grado-educacion-primaria/
educaweb,primaria,Universidad Rey Juan Carlos,Unknown,unknown,presencial,2026-04-27T10:07:35.957495+00:00,https://www.educaweb.com/estudio/titulacion-grado-educacion-primaria/
educaweb,primaria,Universidad Villanueva,Unknown,unknown,presencial,2026-04-27T10:07:35.957495+00:00,https://www.educaweb.com/estudio/titulacion-grado-educacion-primaria/
educaweb,primaria,Universidade da Coruña,Unknown,unknown,presencial,2026-04-27T10:07:35.957495+00:00,https://www.educaweb.com/estudio/titulacion-grado-educacion-primaria/
educaweb,primaria,Universidade de Vigo,Unknown,unknown,presencial,2026-04-27T10:07:35.957495+00:00,https://www.educaweb.com/estudio/titulacion-grado-educacion-primaria/
educaweb,primaria,Universitat Autònoma de Barcelona,Unknown,unknown,presencial,2026-04-27T10:07:35.957495+00:00,https://www.educaweb.com/estudio/titulacion-grado-educacion-primaria/
educaweb,primaria,Universitat CEU Abat Oliba,Unknown,unknown,presencial,2026-04-27T10:07:35.957495+00:00,https://www.educaweb.com/estudio/titulacion-grado-educacion-primaria/
educaweb,primaria,Universitat de Barcelona,Unknown,unknown,presencial,2026-04-27T10:07:35.957495+00:00,https://www.educaweb.com/estudio/titulacion-grado-educacion-primaria/
educaweb,primaria,Universitat de Girona,Unknown,unknown,presencial,2026-04-27T10:07:35.957495+00:00,https://www.educaweb.com/estudio/titulacion-grado-educacion-primaria/
educaweb,primaria,Universitat de les Illes Balears,Unknown,unknown,presencial,2026-04-27T10:07:35.957495+00:00,https://www.educaweb.com/estudio/titulacion-grado-educacion-primaria/
educaweb,primaria,Universitat de Lleida,Unknown,unknown,presencial,2026-04-27T10:07:35.957495+00:00,https://www.educaweb.com/estudio/titulacion-grado-educacion-primaria/
educaweb,primaria,Universitat de Vic,Unknown,unknown,presencial,2026-04-27T10:07:35.957495+00:00,https://www.educaweb.com/estudio/titulacion-grado-educacion-primaria/
educaweb,primaria,Universitat Internacional de Catalunya,Unknown,unknown,presencial,2026-04-27T10:07:35.957495+00:00,https://www.educaweb.com/estudio/titulacion-grado-educacion-primaria/
educaweb,primaria,Universitat Rovira i Virgili,Unknown,unknown,presencial,2026-04-27T10:07:35.957495+00:00,https://www.educaweb.com/estudio/titulacion-grado-educacion-primaria/
educaweb,primaria,Universidad San Jorge,Unknown,unknown,presencial,2026-04-27T10:07:35.957495+00:00,https://www.educaweb.com/estudio/titulacion-grado-educacion-primaria/
educaweb,primaria,Universidad CEU San Pablo,Unknown,unknown,presencial,2026-04-27T10:07:35.957495+00:00,https://www.educaweb.com/estudio/titulacion-grado-educacion-primaria/
educaweb,primaria,Universitat Ramon Llull,Unknown,unknown,presencial,2026-04-27T10:07:35.957495+00:00,https://www.educaweb.com/estudio/titulacion-grado-educacion-primaria/
educaweb,primaria,Universidad del País Vasco/Euskal Herriko Unibertsitatea,Unknown,unknown,presencial,2026-04-27T10:07:35.957495+00:00,https://www.educaweb.com/estudio/titulacion-grado-educacion-primaria/
educaweb,primaria,Universidad Isabel I,Unknown,unknown,presencial,2026-04-27T10:07:35.957495+00:00,https://www.educaweb.com/estudio/titulacion-grado-educacion-primaria/
educaweb,primaria,Universitat Internacional Valenciana,Unknown,unknown,presencial,2026-04-27T10:07:35.957495+00:00,https://www.educaweb.com/estudio/titulacion-grado-educacion-primaria/
educaweb,primaria,Universitat Oberta de Catalunya,Unknown,unknown,presencial,2026-04-27T10:07:35.957495+00:00,https://www.educaweb.com/estudio/titulacion-grado-educacion-primaria/
educaweb,primaria,Universidad Pública de Navarra,Unknown,public,presencial,2026-04-27T10:07:35.957495+00:00,https://www.educaweb.com/estudio/titulacion-grado-educacion-primaria/
educaweb,primaria,Universidad Camilo José Cela,Unknown,unknown,presencial,2026-04-27T10:07:35.957495+00:00,https://www.educaweb.com/estudio/titulacion-grado-educacion-primaria/
educaweb,primaria,Universidad Católica de Ávila,Unknown,unknown,presencial,2026-04-27T10:07:35.957495+00:00,https://www.educaweb.com/estudio/titulacion-grado-educacion-primaria/
educaweb,primaria,Universidad Católica de Valencia San Vicente Mártir,Unknown,unknown,presencial,2026-04-27T10:07:35.957495+00:00,https://www.educaweb.com/estudio/titulacion-grado-educacion-primaria/
educaweb,primaria,Universidad de Alicante,Unknown,unknown,presencial,2026-04-27T10:07:35.957495+00:00,https://www.educaweb.com/estudio/titulacion-grado-educacion-primaria/
educaweb,primaria,Universidad de Burgos,Unknown,unknown,presencial,2026-04-27T10:07:35.957495+00:00,https://www.educaweb.com/estudio/titulacion-grado-educacion-primaria/
educaweb,primaria,Universidad de Castilla,Unknown,unknown,presencial,2026-04-27T10:07:35.957495+00:00,https://www.educaweb.com/estudio/titulacion-grado-educacion-primaria/
educaweb,primaria,Universidad de La Laguna,Unknown,unknown,presencial,2026-04-27T10:07:35.957495+00:00,https://www.educaweb.com/estudio/titulacion-grado-educacion-primaria/
educaweb,primaria,Universidad de Oviedo,Unknown,unknown,presencial,2026-04-27T10:07:35.957495+00:00,https://www.educaweb.com/estudio/titulacion-grado-educacion-primaria/
educaweb,primaria,Universidad del Atlántico Medio UNAM,Unknown,unknown,presencial,2026-04-27T10:07:35.957495+00:00,https://www.educaweb.com/estudio/titulacion-grado-educacion-primaria/
educaweb,primaria,Universidad Europea,Unknown,unknown,presencial,2026-04-27T10:07:35.957495+00:00,https://www.educaweb.com/estudio/titulacion-grado-educacion-primaria/
educaweb,primaria,Universidad Pontificia de Salamanca,Unknown,unknown,presencial,2026-04-27T10:07:35.957495+00:00,https://www.educaweb.com/estudio/titulacion-grado-educacion-primaria/
educaweb,primaria,Universidade de Santiago de Compostela,Unknown,unknown,presencial,2026-04-27T10:07:35.957495+00:00,https://www.educaweb.com/estudio/titulacion-grado-educacion-primaria/
educaweb,primaria,Universitat Jaume I de Castellón,Unknown,unknown,presencial,2026-04-27T10:07:35.957495+00:00,https://www.educaweb.com/estudio/titulacion-grado-educacion-primaria/
educaweb,primaria,Universidad en Internet,Unknown,unknown,presencial,2026-04-27T10:07:35.957495+00:00,https://www.educaweb.com/estudio/titulacion-grado-educacion-primaria/
educaweb,primaria,Universidad Alfonso X El Sabio,Unknown,unknown,presencial,2026-04-27T10:07:35.957495+00:00,https://www.educaweb.com/estudio/titulacion-grado-educacion-primaria/
educaweb,primaria,Universidad de Cantabria,Unknown,unknown,presencial,2026-04-27T10:07:35.957495+00:00,https://www.educaweb.com/estudio/titulacion-grado-educacion-primaria/
educaweb,primaria,Universidad de Navarra,Unknown,unknown,presencial,2026-04-27T10:07:35.957495+00:00,https://www.educaweb.com/estudio/titulacion-grado-educacion-primaria/
educaweb,primaria,Universidad de Zaragoza,Unknown,unknown,presencial,2026-04-27T10:07:35.957495+00:00,https://www.educaweb.com/estudio/titulacion-grado-educacion-primaria/
educaweb,primaria,Universidad a Distancia de Madrid Másteres,Unknown,unknown,online,2026-04-27T10:07:35.957495+00:00,https://www.educaweb.com/estudio/titulacion-grado-educacion-primaria/
educaweb,primaria,Universidades,Unknown,unknown,presencial,2026-04-27T10:07:35.957495+00:00,https://www.educaweb.com/estudio/titulacion-grado-educacion-primaria/
educaweb_pilot_fallback,infantil,Universidad Internacional de La Rioja (UNIR),La Rioja,private-online,online,2026-04-27T10:07:35.962019+00:00,https://www.educaweb.com/estudio/titulacion-grado-educacion-infantil/
educaweb_pilot_fallback,primaria,Universidad Internacional de La Rioja (UNIR),La Rioja,private-online,online,2026-04-27T10:07:35.962019+00:00,https://www.educaweb.com/estudio/titulacion-grado-educacion-primaria/
educaweb_pilot_fallback,infantil,Universidad Internacional de Valencia (VIU),Comunitat Valenciana,private-online,online,2026-04-27T10:07:35.962019+00:00,https://www.educaweb.com/estudio/titulacion-grado-educacion-infantil/
educaweb_pilot_fallback,primaria,Universidad Internacional de Valencia (VIU),Comunitat Valenciana,private-online,online,2026-04-27T10:07:35.962019+00:00,https://www.educaweb.com/estudio/titulacion-grado-educacion-primaria/
educaweb_pilot_fallback,infantil,Universidad a Distancia de Madrid (UDIMA),Madrid,private-online,online,2026-04-27T10:07:35.962019+00:00,https://www.educaweb.com/estudio/titulacion-grado-educacion-infantil/
educaweb_pilot_fallback,primaria,Universidad a Distancia de Madrid (UDIMA),Madrid,private-online,online,2026-04-27T10:07:35.962019+00:00,https://www.educaweb.com/estudio/titulacion-grado-educacion-primaria/
educaweb_pilot_fallback,infantil,Universidad Nacional de Educacion a Distancia (UNED),Madrid,public,online,2026-04-27T10:07:35.962019+00:00,https://www.educaweb.com/estudio/titulacion-grado-educacion-infantil/
educaweb_pilot_fallback,infantil,Universidad Catolica de Valencia San Vicente Martir (UCV),Comunitat Valenciana,private-traditional,presencial,2026-04-27T10:07:35.962019+00:00,https://www.educaweb.com/estudio/titulacion-grado-educacion-infantil/
educaweb_pilot_fallback,primaria,Universidad Catolica de Valencia San Vicente Martir (UCV),Comunitat Valenciana,private-traditional,presencial,2026-04-27T10:07:35.962019+00:00,https://www.educaweb.com/estudio/titulacion-grado-educacion-primaria/
educaweb_pilot_fallback,infantil,Universidad Pontificia de Salamanca (UPSA),Castilla y Leon,private-traditional,presencial,2026-04-27T10:07:35.962019+00:00,https://www.educaweb.com/estudio/titulacion-grado-educacion-infantil/
educaweb_pilot_fallback,primaria,Universidad Pontificia de Salamanca (UPSA),Castilla y Leon,private-traditional,presencial,2026-04-27T10:07:35.962019+00:00,https://www.educaweb.com/estudio/titulacion-grado-educacion-primaria/
educaweb_pilot_fallback,infantil,Universidad Camilo Jose Cela (UCJC),Madrid,private-traditional,semipresencial,2026-04-27T10:07:35.962019+00:00,https://www.educaweb.com/estudio/titulacion-grado-educacion-infantil/
educaweb_pilot_fallback,primaria,Universidad Camilo Jose Cela (UCJC),Madrid,private-traditional,semipresencial,2026-04-27T10:07:35.962019+00:00,https://www.educaweb.com/estudio/titulacion-grado-educacion-primaria/
educaweb_pilot_fallback,infantil,Universidad Catolica de Avila (UCAV),Castilla y Leon,private-traditional,semipresencial,2026-04-27T10:07:35.962019+00:00,https://www.educaweb.com/estudio/titulacion-grado-educacion-infantil/
educaweb_pilot_fallback,primaria,Universidad Catolica de Avila (UCAV),Castilla y Leon,private-traditional,semipresencial,2026-04-27T10:07:35.962019+00:00,https://www.educaweb.com/estudio/titulacion-grado-educacion-primaria/
educaweb_pilot_fallback,infantil,Universidad Alfonso X El Sabio (UAX),Madrid,private-traditional,presencial,2026-04-27T10:07:35.962019+00:00,https://www.educaweb.com/estudio/titulacion-grado-educacion-infantil/
educaweb_pilot_fallback,primaria,Universidad Alfonso X El Sabio (UAX),Madrid,private-traditional,presencial,2026-04-27T10:07:35.962019+00:00,https://www.educaweb.com/estudio/titulacion-grado-educacion-primaria/
educaweb_pilot_fallback,infantil,Universidad Francisco de Vitoria (UFV),Madrid,private-traditional,presencial,2026-04-27T10:07:35.962019+00:00,https://www.educaweb.com/estudio/titulacion-grado-educacion-infantil/
educaweb_pilot_fallback,primaria,Universidad Francisco de Vitoria (UFV),Madrid,private-traditional,presencial,2026-04-27T10:07:35.962019+00:00,https://www.educaweb.com/estudio/titulacion-grado-educacion-primaria/
educaweb_pilot_fallback,infantil,Universidad CEU Cardenal Herrera,Comunitat Valenciana,private-traditional,presencial,2026-04-27T10:07:35.962019+00:00,https://www.educaweb.com/estudio/titulacion-grado-educacion-infantil/
educaweb_pilot_fallback,primaria,Universidad CEU Cardenal Herrera,Comunitat Valenciana,private-traditional,presencial,2026-04-27T10:07:35.962019+00:00,https://www.educaweb.com/estudio/titulacion-grado-educacion-primaria/
educaweb_pilot_fallback,infantil,Mondragon Unibertsitatea,Pais Vasco,private-traditional,presencial,2026-04-27T10:07:35.962019+00:00,https://www.educaweb.com/estudio/titulacion-grado-educacion-infantil/
educaweb_pilot_fallback,primaria,Mondragon Unibertsitatea,Pais Vasco,private-traditional,presencial,2026-04-27T10:07:35.962019+00:00,https://www.educaweb.com/estudio/titulacion-grado-educacion-primaria/
educaweb_pilot_fallback,infantil,Universitat Internacional de Catalunya (UIC),Cataluna,private-traditional,presencial,2026-04-27T10:07:35.962019+00:00,https://www.educaweb.com/estudio/titulacion-grado-educacion-infantil/
educaweb_pilot_fallback,primaria,Universitat Internacional de Catalunya (UIC),Cataluna,private-traditional,presencial,2026-04-27T10:07:35.962019+00:00,https://www.educaweb.com/estudio/titulacion-grado-educacion-primaria/
educaweb_pilot_fallback,infantil,Universitat Ramon Llull (URL),Cataluna,private-traditional,presencial,2026-04-27T10:07:35.962019+00:00,https://www.educaweb.com/estudio/titulacion-grado-educacion-infantil/
educaweb_pilot_fallback,primaria,Universitat Ramon Llull (URL),Cataluna,private-traditional,presencial,2026-04-27T10:07:35.962019+00:00,https://www.educaweb.com/estudio/titulacion-grado-educacion-primaria/
educaweb_pilot_fallback,infantil,Universitat Abat Oliba CEU,Cataluna,private-traditional,presencial,2026-04-27T10:07:35.962019+00:00,https://www.educaweb.com/estudio/titulacion-grado-educacion-infantil/
educaweb_pilot_fallback,primaria,Universitat Abat Oliba CEU,Cataluna,private-traditional,presencial,2026-04-27T10:07:35.962019+00:00,https://www.educaweb.com/estudio/titulacion-grado-educacion-primaria/
educaweb_pilot_fallback,infantil,Universidad Loyola Andalucia,Andalucia,private-traditional,presencial,2026-04-27T10:07:35.962019+00:00,https://www.educaweb.com/estudio/titulacion-grado-educacion-infantil/
educaweb_pilot_fallback,primaria,Universidad Loyola Andalucia,Andalucia,private-traditional,presencial,2026-04-27T10:07:35.962019+00:00,https://www.educaweb.com/estudio/titulacion-grado-educacion-primaria/
educaweb_pilot_fallback,infantil,Universidad Antonio de Nebrija,Madrid,private-traditional,presencial,2026-04-27T10:07:35.962019+00:00,https://www.educaweb.com/estudio/titulacion-grado-educacion-infantil/
educaweb_pilot_fallback,primaria,Universidad Antonio de Nebrija,Madrid,private-traditional,presencial,2026-04-27T10:07:35.962019+00:00,https://www.educaweb.com/estudio/titulacion-grado-educacion-primaria/
educaweb_pilot_fallback,infantil,Universidad Europea de Madrid,Madrid,private-traditional,presencial,2026-04-27T10:07:35.962019+00:00,https://www.educaweb.com/estudio/titulacion-grado-educacion-infantil/
educaweb_pilot_fallback,primaria,Universidad Europea de Madrid,Madrid,private-traditional,presencial,2026-04-27T10:07:35.962019+00:00,https://www.educaweb.com/estudio/titulacion-grado-educacion-primaria/
educaweb_pilot_fallback,primaria,Universidad Europea de Valencia,Comunitat Valenciana,private-traditional,presencial,2026-04-27T10:07:35.962019+00:00,https://www.educaweb.com/estudio/titulacion-grado-educacion-primaria/
